{
  "metadata": {
    "total_words": 40946,
    "total_sentences": 2225,
    "vocabulary_size": 2916,
    "analysis_date": "2025-09-27T11:56:45.428793"
  },
  "function_word_freq": {
    "in": 0.0070092316709812925,
    "i": 0.04461974307624676,
    "to": 0.03494846871489279,
    "for": 0.007448835051042837,
    "my": 0.004908904410687247,
    "and": 0.02346993601328579,
    "the": 0.029624383334147415,
    "that": 0.020807893322913103,
    "them": 0.0021735944903043033,
    "an": 0.0018561031602598544,
    "but": 0.008889757241244566,
    "of": 0.015752454452205345,
    "our": 0.0014653446002051483,
    "a": 0.0163385922922874,
    "your": 0.0014653446002051483,
    "you": 0.020124065842817368,
    "or": 0.00823035217115225,
    "as": 0.0038098959605333852,
    "when": 0.0018316807502564353,
    "these": 0.0023201289503248183,
    "have": 0.008132662531138573,
    "was": 0.002662042690372686,
    "this": 0.018243540272554096,
    "is": 0.0146778684120549,
    "what": 0.010403946661456552,
    "how": 0.0029062667904068773,
    "can": 0.008523421091193278,
    "with": 0.004151809700581253,
    "it": 0.023421091193278953,
    "we": 0.015337273482147218,
    "been": 0.0008792067601230889,
    "me": 0.005177550920724857,
    "will": 0.0006105602500854785,
    "be": 0.008279196991159088,
    "by": 0.0006105602500854785,
    "where": 0.0014897670102085674,
    "are": 0.0039564304205539,
    "being": 0.0009524739901333463,
    "at": 0.0032481805304547455,
    "they": 0.00141649978019831,
    "us": 0.0003663361500512871,
    "has": 0.0014653446002051483,
    "should": 0.004127387290577834,
    "on": 0.0058369559908171735,
    "who": 0.00024422410003419135,
    "from": 0.002662042690372686,
    "do": 0.008157084941141993,
    "would": 0.0013676549601914717,
    "could": 0.0008303619401162506,
    "must": 2.4422410003419136e-05,
    "were": 0.0005861378400820593,
    "why": 0.0012943877301812142,
    "those": 0.0007815171201094123,
    "may": 0.00014653446002051482,
    "did": 0.0009768964001367654,
    "had": 0.0005861378400820593,
    "does": 0.0009036291701265081,
    "might": 0.0003663361500512871,
    "their": 0.00024422410003419135,
    "its": 0.00024422410003419135,
    "he": 0.000708249890099155,
    "him": 0.00012211205001709568,
    "she": 4.884482000683827e-05,
    "his": 4.884482000683827e-05,
    "her": 2.4422410003419136e-05
  },
  "avg_sentence_length": 17.39056179775281,
  "avg_word_length": 3.8214233380549993,
  "top_vocabulary": [
    "i",
    "to",
    "the",
    "and",
    "it",
    "that",
    "you",
    "this",
    "s",
    "a",
    "of",
    "we",
    "is",
    "like",
    "just",
    "t",
    "what",
    "but",
    "want",
    "can",
    "be",
    "or",
    "do",
    "have",
    "m",
    "so",
    "pm",
    "for",
    "know",
    "not",
    "in",
    "if",
    "all",
    "don",
    "on",
    "then",
    "me",
    "my",
    "there",
    "re",
    "about",
    "with",
    "should",
    "going",
    "make",
    "are",
    "as",
    "one",
    "let",
    "really"
  ],
  "common_phrases": [
    "want to",
    "you know",
    "and then",
    "to be",
    "this is",
    "to do",
    "we re",
    "sort of",
    "going to",
    "need to",
    "make sure",
    "should be",
    "to make",
    "of the",
    "we can",
    "you to",
    "all the",
    "you re",
    "we have",
    "that we",
    "want you to",
    "be able to",
    "to make sure",
    "want to make",
    "make sure that",
    "just want to",
    "we need to",
    "to figure out",
    "want to be",
    "should be able"
  ],
  "style_markers": [
    "like",
    "you know",
    "sort of",
    "actually",
    "i mean",
    "basically"
  ]
}